num_arms,min_gap,num_threads,epsilon,delta,elapsed,pulls,solved
100,0.4,1,0.2,0.1,2,33168,1
100,0.4,8,0.2,0.1,13,32000,1
100,0.4,16,0.2,0.1,13,27712,1
100,0.4,32,0.2,0.1,15,35200,1
100,0.4,64,0.2,0.1,85,37888,1
100,0.4,128,0.2,0.1,26,36352,1
100,0.4,1,0.2,0.05,0,28863,1
100,0.4,8,0.2,0.05,9,32544,1
100,0.4,16,0.2,0.05,10,35200,1
100,0.4,32,0.2,0.05,12,38400,1
100,0.4,64,0.2,0.05,87,44480,1
100,0.4,128,0.2,0.05,35,51200,1
100,0.4,1,0.2,0.01,1,36905,1
100,0.4,8,0.2,0.01,8,27344,1
100,0.4,16,0.2,0.01,12,39696,1
100,0.4,32,0.2,0.01,15,41600,1
100,0.4,64,0.2,0.01,78,42880,1
100,0.4,128,0.2,0.01,32,50048,1
100,0.4,1,0.1,0.1,0,27440,1
100,0.4,8,0.1,0.1,9,32000,1
100,0.4,16,0.1,0.1,9,32320,1
100,0.4,32,0.1,0.1,13,34944,1
100,0.4,64,0.1,0.1,101,38400,1
100,0.4,128,0.1,0.1,39,38400,1
100,0.4,1,0.1,0.05,0,25992,1
100,0.4,8,0.1,0.05,8,29112,1
100,0.4,16,0.1,0.05,10,34928,1
100,0.4,32,0.1,0.05,12,38400,1
100,0.4,64,0.1,0.05,91,44800,1
100,0.4,128,0.1,0.05,38,46976,1
100,0.4,1,0.1,0.01,0,24048,1
100,0.4,8,0.1,0.01,8,36768,1
100,0.4,16,0.1,0.01,8,36352,1
100,0.4,32,0.1,0.01,12,41600,1
100,0.4,64,0.1,0.01,82,44160,1
100,0.4,128,0.1,0.01,33,51200,1
100,0.4,1,0.01,0.1,0,29148,1
100,0.4,8,0.01,0.1,7,25552,1
100,0.4,16,0.01,0.1,9,30528,1
100,0.4,32,0.01,0.1,11,34688,1
100,0.4,64,0.01,0.1,72,35840,1
100,0.4,128,0.01,0.1,35,38400,1
100,0.4,1,0.01,0.05,0,32517,1
100,0.4,8,0.01,0.05,9,32280,1
100,0.4,16,0.01,0.05,6,19696,1
100,0.4,32,0.01,0.05,12,36960,1
100,0.4,64,0.01,0.05,98,43840,1
100,0.4,128,0.01,0.05,26,51200,1
100,0.4,1,0.01,0.01,0,22553,1
100,0.4,8,0.01,0.01,10,39200,1
100,0.4,16,0.01,0.01,11,40000,1
100,0.4,32,0.01,0.01,13,41600,1
100,0.4,64,0.01,0.01,72,44480,1
100,0.4,128,0.01,0.01,39,50048,1
100,0.4,1,0.001,0.1,0,30856,1
100,0.4,8,0.001,0.1,8,27784,1
100,0.4,16,0.001,0.1,9,33600,1
100,0.4,32,0.001,0.1,12,34944,1
100,0.4,64,0.001,0.1,79,38400,1
100,0.4,128,0.001,0.1,21,33024,1
100,0.4,1,0.001,0.05,0,29907,1
100,0.4,8,0.001,0.05,8,33600,1
100,0.4,16,0.001,0.05,11,34656,1
100,0.4,32,0.001,0.05,15,36672,1
100,0.4,64,0.001,0.05,76,44480,1
100,0.4,128,0.001,0.05,39,49664,1
100,0.4,1,0.001,0.01,0,31224,1
100,0.4,8,0.001,0.01,9,36160,1
100,0.4,16,0.001,0.01,8,32096,1
100,0.4,32,0.001,0.01,12,41280,1
100,0.4,64,0.001,0.01,84,42880,1
100,0.4,128,0.001,0.01,28,50816,1
100,0.2,1,0.2,0.1,3,121058,1
100,0.2,8,0.2,0.1,44,161968,1
100,0.2,16,0.2,0.1,40,137600,1
100,0.2,32,0.2,0.1,40,136576,1
100,0.2,64,0.2,0.1,131,143936,1
100,0.2,128,0.2,0.1,80,162304,1
100,0.2,1,0.2,0.05,3,112500,1
100,0.2,8,0.2,0.05,38,138480,1
100,0.2,16,0.2,0.05,36,116896,1
100,0.2,32,0.2,0.05,47,157376,1
100,0.2,64,0.2,0.05,131,160000,1
100,0.2,128,0.2,0.05,76,156032,1
100,0.2,1,0.2,0.01,3,162645,1
100,0.2,8,0.2,0.01,45,156008,1
100,0.2,16,0.2,0.01,50,166400,1
100,0.2,32,0.2,0.01,42,133760,1
100,0.2,64,0.2,0.01,145,156160,1
100,0.2,128,0.2,0.01,69,135680,1
100,0.2,1,0.1,0.1,3,133466,1
100,0.2,8,0.1,0.1,40,116240,1
100,0.2,16,0.1,0.1,40,135520,1
100,0.2,32,0.1,0.1,42,140800,1
100,0.2,64,0.1,0.1,127,142848,1
100,0.2,128,0.1,0.1,67,152448,1
100,0.2,1,0.1,0.05,3,141100,1
100,0.2,8,0.1,0.05,36,128544,1
100,0.2,16,0.1,0.05,37,119104,1
100,0.2,32,0.1,0.05,40,131360,1
100,0.2,64,0.1,0.05,140,173824,1
100,0.2,128,0.1,0.05,73,165248,1
100,0.2,1,0.1,0.01,4,174316,1
100,0.2,8,0.1,0.01,43,162288,1
100,0.2,16,0.1,0.01,45,152496,1
100,0.2,32,0.1,0.01,45,150400,1
100,0.2,64,0.1,0.01,110,148480,1
100,0.2,128,0.1,0.01,82,170240,1
100,0.2,1,0.01,0.1,3,120024,1
100,0.2,8,0.01,0.1,33,130800,1
100,0.2,16,0.01,0.1,44,159280,1
100,0.2,32,0.01,0.1,36,139744,1
100,0.2,64,0.01,0.1,135,141760,1
100,0.2,128,0.01,0.1,73,166656,1
100,0.2,1,0.01,0.05,4,180020,1
100,0.2,8,0.01,0.05,48,176144,1
100,0.2,16,0.01,0.05,43,138976,1
100,0.2,32,0.01,0.05,44,145920,1
100,0.2,64,0.01,0.05,123,128896,1
100,0.2,128,0.01,0.05,73,160640,1
100,0.2,1,0.01,0.01,3,145075,1
100,0.2,8,0.01,0.01,48,173960,1
100,0.2,16,0.01,0.01,52,192480,1
100,0.2,32,0.01,0.01,50,180032,1
100,0.2,64,0.01,0.01,144,172800,1
100,0.2,128,0.01,0.01,81,168960,1
100,0.2,1,0.001,0.1,3,130364,1
100,0.2,8,0.001,0.1,33,128720,1
100,0.2,16,0.001,0.1,44,136560,1
100,0.2,32,0.001,0.1,30,85888,1
100,0.2,64,0.001,0.1,130,147200,1
100,0.2,128,0.001,0.1,76,146688,1
100,0.2,1,0.001,0.05,3,120200,1
100,0.2,8,0.001,0.05,39,129648,1
100,0.2,16,0.001,0.05,44,135664,1
100,0.2,32,0.001,0.05,48,159616,1
100,0.2,64,0.001,0.05,143,156544,1
100,0.2,128,0.001,0.05,61,123776,1
100,0.2,1,0.001,0.01,4,162645,1
100,0.2,8,0.001,0.01,55,164800,1
100,0.2,16,0.001,0.01,55,186000,1
100,0.2,32,0.001,0.01,69,237408,1
100,0.2,64,0.001,0.01,140,166400,1
100,0.2,128,0.001,0.01,50,76800,1
100,0.1,1,0.2,0.1,13,558252,0
100,0.1,8,0.2,0.1,121,408664,1
100,0.1,16,0.2,0.1,134,462800,1
100,0.1,32,0.2,0.1,165,576000,0
100,0.1,64,0.2,0.1,268,578048,0
100,0.1,128,0.2,0.1,187,471296,1
100,0.1,1,0.2,0.05,13,588530,0
100,0.1,8,0.2,0.05,153,511360,0
100,0.1,16,0.2,0.05,95,338464,1
100,0.1,32,0.2,0.05,170,592768,0
100,0.1,64,0.2,0.05,166,256768,1
100,0.1,128,0.2,0.05,234,608768,0
100,0.1,1,0.2,0.01,14,622204,0
100,0.1,8,0.2,0.01,173,544984,1
100,0.1,16,0.2,0.01,114,432416,1
100,0.1,32,0.2,0.01,181,680768,0
100,0.1,64,0.2,0.01,327,681856,0
100,0.1,128,0.2,0.01,251,667264,1
100,0.1,1,0.1,0.1,8,376644,1
100,0.1,8,0.1,0.1,178,601528,1
100,0.1,16,0.1,0.1,215,781904,1
100,0.1,32,0.1,0.1,149,519424,1
100,0.1,64,0.1,0.1,291,649728,1
100,0.1,128,0.1,0.1,223,599040,1
100,0.1,1,0.1,0.05,10,455420,1
100,0.1,8,0.1,0.05,144,609640,1
100,0.1,16,0.1,0.05,576,2257104,0
100,0.1,32,0.1,0.05,219,801280,1
100,0.1,64,0.1,0.05,229,491776,1
100,0.1,128,0.1,0.05,201,548864,1
100,0.1,1,0.1,0.01,16,701560,1
100,0.1,8,0.1,0.01,114,393952,1
100,0.1,16,0.1,0.01,181,731504,1
100,0.1,32,0.1,0.01,101,373024,1
100,0.1,64,0.1,0.01,201,387968,1
100,0.1,128,0.1,0.01,252,720768,1
100,0.1,1,0.01,0.1,11,477947,1
100,0.1,8,0.01,0.1,139,512536,1
100,0.1,16,0.01,0.1,172,656464,1
100,0.1,32,0.01,0.1,140,519424,1
100,0.1,64,0.01,0.1,403,958720,1
100,0.1,128,0.01,0.1,229,620800,1
100,0.1,1,0.01,0.05,12,524270,1
100,0.1,8,0.01,0.05,149,525136,1
100,0.1,16,0.01,0.05,111,407344,1
100,0.1,32,0.01,0.05,226,853696,1
100,0.1,64,0.01,0.05,267,519424,1
100,0.1,128,0.01,0.05,206,553472,1
100,0.1,1,0.01,0.01,19,867334,1
100,0.1,8,0.01,0.01,229,873496,1
100,0.1,16,0.01,0.01,137,505440,1
100,0.1,32,0.01,0.01,175,618176,1
100,0.1,64,0.01,0.01,540,1493248,1
100,0.1,128,0.01,0.01,258,731264,1
100,0.1,1,0.001,0.1,12,525511,1
100,0.1,8,0.001,0.1,177,641696,1
100,0.1,16,0.001,0.1,324,1252160,1
100,0.1,32,0.001,0.1,134,488960,1
100,0.1,64,0.001,0.1,261,521472,1
100,0.1,128,0.001,0.1,243,691968,1
100,0.1,1,0.001,0.05,12,516326,1
100,0.1,8,0.001,0.05,59,194512,1
100,0.1,16,0.001,0.05,168,666992,1
100,0.1,32,0.001,0.05,192,739648,1
100,0.1,64,0.001,0.05,370,848896,1
100,0.1,128,0.001,0.05,239,656128,1
100,0.1,1,0.001,0.01,13,544084,1
100,0.1,8,0.001,0.01,173,664768,1
100,0.1,16,0.001,0.01,176,694400,1
100,0.1,32,0.001,0.01,108,404320,1
100,0.1,64,0.001,0.01,289,671360,1
100,0.1,128,0.001,0.01,238,656768,1
100,0.01,1,0.2,0.1,13,566900,0
100,0.01,8,0.2,0.1,170,568800,0
100,0.01,16,0.2,0.1,152,571200,0
100,0.01,32,0.2,0.1,156,576000,0
100,0.01,64,0.2,0.1,277,582400,0
100,0.01,128,0.2,0.1,211,588800,0
100,0.01,1,0.2,0.05,14,602300,0
100,0.01,8,0.2,0.05,177,603200,0
100,0.01,16,0.2,0.05,159,604800,0
100,0.01,32,0.2,0.05,174,611200,0
100,0.01,64,0.2,0.05,280,620800,0
100,0.01,128,0.2,0.05,219,627200,0
100,0.01,1,0.2,0.01,15,684700,0
100,0.01,8,0.2,0.01,163,685600,0
100,0.01,16,0.2,0.01,152,688000,0
100,0.01,32,0.2,0.01,167,691200,0
100,0.01,64,0.2,0.01,259,697600,0
100,0.01,128,0.2,0.01,243,704000,0
100,0.01,1,0.1,0.1,52,2286548,0
100,0.01,8,0.1,0.1,560,2324960,0
100,0.01,16,0.1,0.1,433,1767504,0
100,0.01,32,0.1,0.1,590,2188800,0
100,0.01,64,0.1,0.1,737,2284800,0
100,0.01,128,0.1,0.1,739,2380800,0
100,0.01,1,0.1,0.05,48,2134928,0
100,0.01,8,0.1,0.05,487,1970048,0
100,0.01,16,0.1,0.05,564,2371056,0
100,0.01,32,0.1,0.05,594,2416960,0
100,0.01,64,0.1,0.05,827,2521600,0
100,0.01,128,0.1,0.05,774,2515328,0
100,0.01,1,0.1,0.01,58,2572300,0
100,0.01,8,0.1,0.01,642,2595184,0
100,0.01,16,0.1,0.01,662,2812144,0
100,0.01,32,0.1,0.01,676,2731040,0
100,0.01,64,0.1,0.01,891,2826496,0
100,0.01,128,0.1,0.01,871,2854400,0
100,0.01,1,0.01,0.1,323,14284471,0
100,0.01,8,0.01,0.1,5381,22579944,0
100,0.01,16,0.01,0.1,4209,17308800,0
100,0.01,32,0.01,0.1,2060,7787840,0
100,0.01,64,0.01,0.1,9836,35107072,0
100,0.01,128,0.01,0.1,3859,13215104,0
100,0.01,1,0.01,0.05,163,7155794,1
100,0.01,8,0.01,0.05,2857,12323744,0
100,0.01,16,0.01,0.05,2852,12028608,0
100,0.01,32,0.01,0.05,4762,18605920,0
100,0.01,64,0.01,0.05,8720,31151936,0
100,0.01,128,0.01,0.05,7537,26240000,0
100,0.01,1,0.01,0.01,358,15761332,0
100,0.01,8,0.01,0.01,10529,44399568,0
100,0.01,16,0.01,0.01,2645,10989424,0
100,0.01,32,0.01,0.01,2868,10976544,0
100,0.01,64,0.01,0.01,11872,42031424,0
100,0.01,128,0.01,0.01,4684,15979904,0
100,0.01,1,0.001,0.1,1800,79708827,1
100,0.01,8,0.001,0.1,2780,11463272,0
100,0.01,16,0.001,0.1,8379,34432464,1
100,0.01,32,0.001,0.1,26897,93637248,0
100,0.01,64,0.001,0.1,8216,25340928,1
100,0.01,128,0.001,0.1,29750,89480064,0
100,0.01,1,0.001,0.05,1847,81735314,0
100,0.01,8,0.001,0.05,81242,326813384,0
100,0.01,16,0.001,0.05,26939,110733632,0
100,0.01,32,0.001,0.05,76699,297812064,1
100,0.01,64,0.001,0.05,3827,13088704,1
100,0.01,128,0.001,0.05,29561,99260672,0
100,0.01,1,0.001,0.01,182,7955248,0
100,0.01,8,0.001,0.01,2352,9469792,0
100,0.01,16,0.001,0.01,63375,266257520,0
100,0.01,32,0.001,0.01,76717,303310784,0
100,0.01,64,0.001,0.01,79262,280204928,0
100,0.01,128,0.001,0.01,88666,303644288,0
100,0.001,1,0.2,0.1,21,562576,0
100,0.001,8,0.2,0.1,115,568800,0
100,0.001,16,0.2,0.1,114,571200,0
100,0.001,32,0.2,0.1,132,576000,0
100,0.001,64,0.2,0.1,299,582400,0
100,0.001,128,0.2,0.1,199,588800,0
100,0.001,1,0.2,0.05,14,602300,0
100,0.001,8,0.2,0.05,160,603200,0
100,0.001,16,0.2,0.05,147,604800,0
100,0.001,32,0.2,0.05,164,606592,0
100,0.001,64,0.2,0.05,234,620800,0
100,0.001,128,0.2,0.05,212,627200,0
100,0.001,1,0.2,0.01,16,684700,0
100,0.001,8,0.2,0.01,177,685600,0
100,0.001,16,0.2,0.01,173,688000,0
100,0.001,32,0.2,0.01,191,691200,0
100,0.001,64,0.2,0.01,285,697600,0
100,0.001,128,0.2,0.01,238,704000,0
100,0.001,1,0.1,0.1,52,2304461,0
100,0.001,8,0.1,0.1,455,2163680,0
100,0.001,16,0.1,0.1,458,2273600,0
100,0.001,32,0.1,0.1,529,2135040,0
100,0.001,64,0.1,0.1,737,2284800,0
100,0.001,128,0.1,0.1,736,2380800,0
100,0.001,1,0.1,0.05,53,2348276,0
100,0.001,8,0.1,0.05,610,2387696,0
100,0.001,16,0.1,0.05,584,2390048,0
100,0.001,32,0.1,0.05,641,2359936,0
100,0.001,64,0.1,0.05,783,2445568,0
100,0.001,128,0.1,0.05,777,2515328,0
100,0.001,1,0.1,0.01,56,2486500,0
100,0.001,8,0.1,0.01,652,2681008,0
100,0.001,16,0.1,0.01,673,2790688,0
100,0.001,32,0.1,0.01,746,2795456,0
100,0.001,64,0.1,0.01,907,2804992,0
100,0.001,128,0.1,0.01,876,2854400,0
100,0.001,1,0.01,0.1,143,6341099,0
100,0.001,8,0.01,0.1,4286,17538664,0
100,0.001,16,0.01,0.1,4059,16737120,0
100,0.001,32,0.01,0.1,9927,37716800,0
100,0.001,64,0.01,0.1,1599,5478464,0
100,0.001,128,0.01,0.1,7053,24005120,0
100,0.001,1,0.01,0.05,833,36853280,0
100,0.001,8,0.01,0.05,2477,10417792,0
100,0.001,16,0.01,0.05,646,2649216,0
100,0.001,32,0.01,0.05,4133,15707520,0
100,0.001,64,0.01,0.05,2313,7749952,0
100,0.001,128,0.01,0.05,4567,15461504,0
100,0.001,1,0.01,0.01,848,37483420,0
100,0.001,8,0.01,0.01,9829,40534616,0
100,0.001,16,0.01,0.01,9896,40924464,0
100,0.001,32,0.01,0.01,7792,28813280,0
100,0.001,64,0.01,0.01,13515,47653952,0
100,0.001,128,0.01,0.01,8845,30229632,0
100,0.001,1,0.001,0.1,159,6922417,0
100,0.001,8,0.001,0.1,611,2586592,0
100,0.001,16,0.001,0.1,55236,233026560,0
100,0.001,32,0.001,0.1,9112,35071168,0
100,0.001,64,0.001,0.1,7646,26805888,0
100,0.001,128,0.001,0.1,1760,5878784,0
100,0.001,1,0.001,0.05,105,4619783,0
100,0.001,8,0.001,0.05,15868,67526080,0
100,0.001,16,0.001,0.05,2157,8933552,0
100,0.001,32,0.001,0.05,3169,11792992,0
100,0.001,64,0.001,0.05,3294,11399488,0
100,0.001,128,0.001,0.05,13302,45149312,0
100,0.001,1,0.001,0.01,741,32461866,0
100,0.001,8,0.001,0.01,3845,15936456,0
100,0.001,16,0.001,0.01,24393,101157360,0
100,0.001,32,0.001,0.01,2413,9424832,0
100,0.001,64,0.001,0.01,14614,50002496,0
100,0.001,128,0.001,0.01,97494,324745600,0
1000,0.4,1,0.2,0.1,15,382206,1
1000,0.4,8,0.2,0.1,77,265232,1
1000,0.4,16,0.2,0.1,97,394832,1
1000,0.4,32,0.2,0.1,110,416000,1
1000,0.4,64,0.2,0.1,207,448000,1
1000,0.4,128,0.2,0.1,222,511232,1
1000,0.4,1,0.2,0.05,9,406684,1
1000,0.4,8,0.2,0.05,117,412480,1
1000,0.4,16,0.2,0.05,117,416000,1
1000,0.4,32,0.2,0.05,130,415680,1
1000,0.4,64,0.2,0.05,181,447040,1
1000,0.4,128,0.2,0.05,220,504320,1
1000,0.4,1,0.2,0.01,9,458000,1
1000,0.4,8,0.2,0.01,123,445640,1
1000,0.4,16,0.2,0.01,123,477792,1
1000,0.4,32,0.2,0.01,107,374912,1
1000,0.4,64,0.2,0.01,211,512000,1
1000,0.4,128,0.2,0.01,219,510464,1
1000,0.4,1,0.1,0.1,8,382804,1
1000,0.4,8,0.1,0.1,108,372544,1
1000,0.4,16,0.1,0.1,112,398480,1
1000,0.4,32,0.1,0.1,126,413440,1
1000,0.4,64,0.1,0.1,193,448000,1
1000,0.4,128,0.1,0.1,219,510080,1
1000,0.4,1,0.1,0.05,8,404156,1
1000,0.4,8,0.1,0.05,84,288960,1
1000,0.4,16,0.1,0.05,106,410560,1
1000,0.4,32,0.1,0.05,101,361600,1
1000,0.4,64,0.1,0.05,209,440000,1
1000,0.4,128,0.1,0.05,222,512000,1
1000,0.4,1,0.1,0.01,9,443486,1
1000,0.4,8,0.1,0.01,123,460400,1
1000,0.4,16,0.1,0.01,124,455712,1
1000,0.4,32,0.1,0.01,152,512000,1
1000,0.4,64,0.1,0.01,203,465920,1
1000,0.4,128,0.1,0.01,223,510848,1
1000,0.4,1,0.01,0.1,8,351110,1
1000,0.4,8,0.01,0.1,101,391392,1
1000,0.4,16,0.01,0.1,85,324912,1
1000,0.4,32,0.01,0.1,111,416000,1
1000,0.4,64,0.01,0.1,214,448000,1
1000,0.4,128,0.01,0.1,218,512000,1
1000,0.4,1,0.01,0.05,9,407000,1
1000,0.4,8,0.01,0.05,64,226880,1
1000,0.4,16,0.01,0.05,103,404480,1
1000,0.4,32,0.01,0.05,116,414720,1
1000,0.4,64,0.01,0.05,194,447040,1
1000,0.4,128,0.01,0.05,228,512000,1
1000,0.4,1,0.01,0.01,9,449858,1
1000,0.4,8,0.01,0.01,130,463640,1
1000,0.4,16,0.01,0.01,128,470064,1
1000,0.4,32,0.01,0.01,156,507776,1
1000,0.4,64,0.01,0.01,208,512000,1
1000,0.4,128,0.01,0.01,224,509696,1
1000,0.4,1,0.001,0.1,8,383103,1
1000,0.4,8,0.001,0.1,113,378928,1
1000,0.4,16,0.001,0.1,111,399696,1
1000,0.4,32,0.001,0.1,122,416000,1
1000,0.4,64,0.001,0.1,199,448000,1
1000,0.4,128,0.001,0.1,231,511232,1
1000,0.4,1,0.001,0.05,8,405736,1
1000,0.4,8,0.001,0.05,102,340800,1
1000,0.4,16,0.001,0.05,93,321280,1
1000,0.4,32,0.001,0.05,124,416000,1
1000,0.4,64,0.001,0.05,198,448000,1
1000,0.4,128,0.001,0.05,225,507776,1
1000,0.4,1,0.001,0.01,9,427202,1
1000,0.4,8,0.001,0.01,126,463640,1
1000,0.4,16,0.001,0.01,117,439520,1
1000,0.4,32,0.001,0.01,144,503168,1
1000,0.4,64,0.001,0.01,208,511616,1
1000,0.4,128,0.001,0.01,227,511616,1
1000,0.2,1,0.2,0.1,36,1652114,1
1000,0.2,8,0.2,0.1,408,1506072,1
1000,0.2,16,0.2,0.1,444,1678384,1
1000,0.2,32,0.2,0.1,497,1678080,1
1000,0.2,64,0.2,0.1,585,1724160,1
1000,0.2,128,0.2,0.1,675,1761280,1
1000,0.2,1,0.2,0.05,38,1721775,1
1000,0.2,8,0.2,0.05,374,1717440,1
1000,0.2,16,0.2,0.05,381,1708144,1
1000,0.2,32,0.2,0.05,371,1450880,1
1000,0.2,64,0.2,0.05,566,1642816,1
1000,0.2,128,0.2,0.05,623,1641216,1
1000,0.2,1,0.2,0.01,35,1619612,1
1000,0.2,8,0.2,0.01,464,1921800,1
1000,0.2,16,0.2,0.01,502,1956096,1
1000,0.2,32,0.2,0.01,272,957184,1
1000,0.2,64,0.2,0.01,573,1665536,1
1000,0.2,128,0.2,0.01,750,2043392,1
1000,0.2,1,0.1,0.1,42,1656067,1
1000,0.2,8,0.1,0.1,366,1365400,1
1000,0.2,16,0.1,0.1,423,1673168,1
1000,0.2,32,0.1,0.1,373,1395200,1
1000,0.2,64,0.1,0.1,594,1747712,1
1000,0.2,128,0.1,0.1,649,1715200,1
1000,0.2,1,0.1,0.05,41,1725928,1
1000,0.2,8,0.1,0.05,386,1475744,1
1000,0.2,16,0.1,0.05,402,1503632,1
1000,0.2,32,0.1,0.05,521,1802688,1
1000,0.2,64,0.1,0.05,596,1689856,1
1000,0.2,128,0.1,0.05,604,1589120,1
1000,0.2,1,0.1,0.01,43,1877912,1
1000,0.2,8,0.1,0.01,447,1929200,1
1000,0.2,16,0.1,0.01,426,1911456,1
1000,0.2,32,0.1,0.01,515,2016000,1
1000,0.2,64,0.1,0.01,664,1981952,1
1000,0.2,128,0.1,0.01,706,1889792,1
1000,0.2,1,0.01,0.1,32,1389255,1
1000,0.2,8,0.01,0.1,328,1204632,1
1000,0.2,16,0.01,0.1,421,1653888,1
1000,0.2,32,0.01,0.1,339,1227520,1
1000,0.2,64,0.01,0.1,603,1724160,1
1000,0.2,128,0.01,0.1,480,1195520,1
1000,0.2,1,0.01,0.05,29,1274897,1
1000,0.2,8,0.01,0.05,419,1589952,1
1000,0.2,16,0.01,0.05,431,1712128,1
1000,0.2,32,0.01,0.05,481,1764288,1
1000,0.2,64,0.01,0.05,627,1787968,1
1000,0.2,128,0.01,0.05,689,1825664,1
1000,0.2,1,0.01,0.01,32,1426256,1
1000,0.2,8,0.01,0.01,441,1667240,1
1000,0.2,16,0.01,0.01,476,1929312,1
1000,0.2,32,0.01,0.01,305,1083520,1
1000,0.2,64,0.01,0.01,582,1714688,1
1000,0.2,128,0.01,0.01,749,2024960,1
1000,0.2,1,0.001,0.1,36,1630591,1
1000,0.2,8,0.001,0.1,408,1600640,1
1000,0.2,16,0.001,0.1,417,1664480,1
1000,0.2,32,0.001,0.1,435,1603840,1
1000,0.2,64,0.001,0.1,579,1707520,1
1000,0.2,128,0.001,0.1,668,1760000,1
1000,0.2,1,0.001,0.05,22,1004092,1
1000,0.2,8,0.001,0.05,454,1725744,1
1000,0.2,16,0.001,0.05,324,1292480,1
1000,0.2,32,0.001,0.05,466,1746560,1
1000,0.2,64,0.001,0.05,609,1781248,1
1000,0.2,128,0.001,0.05,690,1843968,1
1000,0.2,1,0.001,0.01,24,1122200,1
1000,0.2,8,0.001,0.01,389,1578440,1
1000,0.2,16,0.001,0.01,472,1992384,1
1000,0.2,32,0.001,0.01,500,1919744,1
1000,0.2,64,0.001,0.01,301,779264,1
1000,0.2,128,0.001,0.01,738,1986560,1
1000,0.1,1,0.2,0.1,72,3222232,1
1000,0.1,8,0.2,0.1,1674,6678928,0
1000,0.1,16,0.2,0.1,1296,4950080,0
1000,0.1,32,0.2,0.1,1807,6379968,0
1000,0.1,64,0.2,0.1,2051,6624384,0
1000,0.1,128,0.2,0.1,2347,7040000,0
1000,0.1,1,0.2,0.05,161,7169156,0
1000,0.1,8,0.2,0.05,1701,6539000,0
1000,0.1,16,0.2,0.05,1245,4811792,1
1000,0.1,32,0.2,0.05,1674,5854976,0
1000,0.1,64,0.2,0.05,1806,5754880,1
1000,0.1,128,0.2,0.05,1381,3967488,1
1000,0.1,1,0.2,0.01,125,5577016,1
1000,0.1,8,0.2,0.01,1916,7899792,0
1000,0.1,16,0.2,0.01,1696,6936240,0
1000,0.1,32,0.2,0.01,1832,6942272,1
1000,0.1,64,0.2,0.01,1378,4284416,1
1000,0.1,128,0.2,0.01,2669,8026112,0
1000,0.1,1,0.1,0.1,166,6697294,1
1000,0.1,8,0.1,0.1,2145,8436448,1
1000,0.1,16,0.1,0.1,1530,5935904,1
1000,0.1,32,0.1,0.1,1250,4611744,1
1000,0.1,64,0.1,0.1,2236,7167872,1
1000,0.1,128,0.1,0.1,2724,8174464,1
1000,0.1,1,0.1,0.05,117,5154724,1
1000,0.1,8,0.1,0.05,1717,6848280,1
1000,0.1,16,0.1,0.05,1751,7065904,1
1000,0.1,32,0.1,0.05,2190,8034048,1
1000,0.1,64,0.1,0.05,2299,7368192,1
1000,0.1,128,0.1,0.05,2631,7915136,1
1000,0.1,1,0.1,0.01,166,7340694,1
1000,0.1,8,0.1,0.01,2107,8075952,1
1000,0.1,16,0.1,0.01,1940,7640320,1
1000,0.1,32,0.1,0.01,2621,9802464,1
1000,0.1,64,0.1,0.01,2626,8443584,1
1000,0.1,128,0.1,0.01,2217,6563840,1
1000,0.1,1,0.01,0.1,120,5348950,1
1000,0.1,8,0.01,0.1,1581,6048760,1
1000,0.1,16,0.01,0.1,1731,6903344,1
1000,0.1,32,0.01,0.1,2105,7860416,1
1000,0.1,64,0.01,0.1,1339,4189312,1
1000,0.1,128,0.01,0.1,2171,6436480,1
1000,0.1,1,0.01,0.05,190,8340502,1
1000,0.1,8,0.01,0.05,2138,8133880,1
1000,0.1,16,0.01,0.05,1890,7330752,1
1000,0.1,32,0.01,0.05,1846,6804736,1
1000,0.1,64,0.01,0.05,2102,6729088,1
1000,0.1,128,0.01,0.05,2408,7204864,1
1000,0.1,1,0.01,0.01,171,7614834,1
1000,0.1,8,0.01,0.01,1469,5979552,1
1000,0.1,16,0.01,0.01,2294,8797904,1
1000,0.1,32,0.01,0.01,2045,7510688,1
1000,0.1,64,0.01,0.01,2575,8289088,1
1000,0.1,128,0.01,0.01,2612,7799808,1
1000,0.1,1,0.001,0.1,106,4759828,1
1000,0.1,8,0.001,0.1,2710,10692040,1
1000,0.1,16,0.001,0.1,3755,14792048,1
1000,0.1,32,0.001,0.1,1892,6941376,1
1000,0.1,64,0.001,0.1,2051,6494720,1
1000,0.1,128,0.001,0.1,1191,3361152,1
1000,0.1,1,0.001,0.05,123,5526956,1
1000,0.1,8,0.001,0.05,2552,9972040,1
1000,0.1,16,0.001,0.05,1836,7777280,1
1000,0.1,32,0.001,0.05,1293,4918976,1
1000,0.1,64,0.001,0.05,2314,7441280,1
1000,0.1,128,0.001,0.05,2483,7437696,1
1000,0.1,1,0.001,0.01,155,6938004,1
1000,0.1,8,0.001,0.01,2873,11095728,1
1000,0.1,16,0.001,0.01,3705,14711872,1
1000,0.1,32,0.001,0.01,1513,5328704,1
1000,0.1,64,0.001,0.01,2538,8134144,1
1000,0.1,128,0.001,0.01,2562,7669760,1
1000,0.01,1,0.2,0.1,154,6826168,0
1000,0.01,8,0.2,0.1,1749,6788296,0
1000,0.01,16,0.2,0.1,1726,6880000,0
1000,0.01,32,0.2,0.1,1895,6912000,0
1000,0.01,64,0.2,0.1,2179,6976000,0
1000,0.01,128,0.2,0.1,2387,7040000,0
1000,0.01,1,0.2,0.05,163,7196526,0
1000,0.01,8,0.2,0.05,1339,7224000,0
1000,0.01,16,0.2,0.05,1625,7221024,0
1000,0.01,32,0.2,0.05,1889,7264000,0
1000,0.01,64,0.2,0.05,2289,7296000,0
1000,0.01,128,0.2,0.05,2494,7424000,0
1000,0.01,1,0.2,0.01,182,8013816,0
1000,0.01,8,0.2,0.01,2012,8033904,0
1000,0.01,16,0.2,0.01,1977,8064000,0
1000,0.01,32,0.2,0.01,2181,8128000,0
1000,0.01,64,0.2,0.01,2547,8192000,0
1000,0.01,128,0.2,0.01,2728,8192000,0
1000,0.01,1,0.1,0.1,529,23165242,0
1000,0.01,8,0.1,0.1,5875,23398576,0
1000,0.01,16,0.1,0.1,6664,26383504,0
1000,0.01,32,0.1,0.1,6766,25222400,0
1000,0.01,64,0.1,0.1,8187,27211264,0
1000,0.01,128,0.1,0.1,8359,26393600,0
1000,0.01,1,0.1,0.05,530,23446778,0
1000,0.01,8,0.1,0.05,6909,26855960,0
1000,0.01,16,0.1,0.05,7042,28002816,0
1000,0.01,32,0.1,0.05,6374,23248384,0
1000,0.01,64,0.1,0.05,8200,27458560,0
1000,0.01,128,0.1,0.05,8234,26189824,0
1000,0.01,1,0.1,0.01,713,30713288,0
1000,0.01,8,0.1,0.01,7639,30532800,0
1000,0.01,16,0.1,0.01,7804,30706752,0
1000,0.01,32,0.1,0.01,8696,32195296,0
1000,0.01,64,0.1,0.01,9665,32114944,0
1000,0.01,128,0.1,0.01,9218,29165568,0
1000,0.01,1,0.01,0.1,2181,96671710,0
1000,0.01,8,0.01,0.1,10926,43262008,0
1000,0.01,16,0.01,0.1,24134,95068752,0
1000,0.01,32,0.01,0.1,15718,56702176,0
1000,0.01,64,0.01,0.1,42441,137245504,0
1000,0.01,128,0.01,0.1,48396,153295616,0
1000,0.01,1,0.01,0.05,2541,112699291,0
1000,0.01,8,0.01,0.05,19606,78845360,0
1000,0.01,16,0.01,0.05,7202,29016432,0
1000,0.01,32,0.01,0.05,22317,85372800,0
1000,0.01,64,0.01,0.05,46812,158419328,0
1000,0.01,128,0.01,0.05,44558,146128384,0
1000,0.01,1,0.01,0.01,2171,95966144,0
1000,0.01,8,0.01,0.01,47574,194987016,0
1000,0.01,16,0.01,0.01,30462,125620096,0
1000,0.01,32,0.01,0.01,19506,75073664,0
1000,0.01,64,0.01,0.01,38314,133130048,0
1000,0.01,128,0.01,0.01,50973,172217472,0
1000,0.01,1,0.001,0.1,3127,138295843,0
1000,0.01,8,0.001,0.1,74848,307791008,0
1000,0.01,16,0.001,0.1,20555,83820832,0
1000,0.01,32,0.001,0.1,12422,47214592,0
1000,0.01,64,0.001,0.1,109971,375123648,0
1000,0.01,128,0.001,0.1,84222,276784000,1
1000,0.01,1,0.001,0.05,795,34934974,0
1000,0.01,8,0.001,0.05,23271,91375888,0
1000,0.01,16,0.001,0.05,22190,88342688,0
1000,0.01,32,0.001,0.05,41756,155959616,0
1000,0.01,64,0.001,0.05,19014,63693824,0
1000,0.01,128,0.001,0.05,147945,488957056,0
1000,0.01,1,0.001,0.01,24188,1072331611,0
1000,0.01,8,0.001,0.01,72748,291739488,1
1000,0.01,16,0.001,0.01,105157,424992320,0
1000,0.01,32,0.001,0.01,29227,110377664,0
1000,0.01,64,0.001,0.01,192721,657022272,0
1000,0.01,128,0.001,0.01,129490,421813760,0
1000,0.001,1,0.2,0.1,155,6831376,0
1000,0.001,8,0.2,0.1,1641,6845584,0
1000,0.001,16,0.2,0.1,1394,6874784,0
1000,0.001,32,0.2,0.1,1664,6901568,0
1000,0.001,64,0.2,0.1,2245,6976000,0
1000,0.001,128,0.2,0.1,2365,7040000,0
1000,0.001,1,0.2,0.05,163,7180104,0
1000,0.001,8,0.2,0.05,1835,7224000,0
1000,0.001,16,0.2,0.05,1874,7226512,0
1000,0.001,32,0.2,0.05,2079,7264000,0
1000,0.001,64,0.2,0.05,2271,7296000,0
1000,0.001,128,0.2,0.05,2500,7424000,0
1000,0.001,1,0.2,0.01,181,8026000,0
1000,0.001,8,0.2,0.01,2030,8040000,0
1000,0.001,16,0.2,0.01,1922,8064000,0
1000,0.001,32,0.2,0.01,2151,8128000,0
1000,0.001,64,0.2,0.01,2561,8192000,0
1000,0.001,128,0.2,0.01,2729,8192000,0
1000,0.001,1,0.1,0.1,560,23948476,0
1000,0.001,8,0.1,0.1,6486,25908928,0
1000,0.001,16,0.1,0.1,6100,24061040,0
1000,0.001,32,0.1,0.1,7127,26446304,0
1000,0.001,64,0.1,0.1,6127,20147456,0
1000,0.001,128,0.1,0.1,8422,26350592,0
1000,0.001,1,0.1,0.05,350,15200650,0
1000,0.001,8,0.1,0.05,6611,26478600,0
1000,0.001,16,0.1,0.05,6239,24482960,0
1000,0.001,32,0.1,0.05,6615,24611072,0
1000,0.001,64,0.1,0.05,8764,28990464,0
1000,0.001,128,0.1,0.05,8798,27676672,0
1000,0.001,1,0.1,0.01,638,28039786,0
1000,0.001,8,0.1,0.01,7403,28883328,0
1000,0.001,16,0.1,0.01,7698,30856704,0
1000,0.001,32,0.1,0.01,8728,32095328,0
1000,0.001,64,0.1,0.01,9181,30738624,0
1000,0.001,128,0.1,0.01,8100,25666048,0
1000,0.001,1,0.01,0.1,1873,82759204,0
1000,0.001,8,0.01,0.1,18428,71550000,0
1000,0.001,16,0.01,0.1,16494,65825200,0
1000,0.001,32,0.01,0.1,19830,73618752,0
1000,0.001,64,0.01,0.1,17418,58818688,0
1000,0.001,128,0.01,0.1,48366,157949696,0
1000,0.001,1,0.01,0.05,1856,82050321,0
1000,0.001,8,0.01,0.05,26765,107421864,0
1000,0.001,16,0.01,0.05,25126,101501744,0
1000,0.001,32,0.01,0.05,37480,143246592,0
1000,0.001,64,0.01,0.05,29411,100062336,0
1000,0.001,128,0.01,0.05,30129,97723008,0
1000,0.001,1,0.01,0.01,3921,173739072,0
1000,0.001,8,0.01,0.01,28843,117050704,0
1000,0.001,16,0.01,0.01,19605,78555664,0
1000,0.001,32,0.01,0.01,33086,125294496,0
1000,0.001,64,0.01,0.01,47190,161737984,0
1000,0.001,128,0.01,0.01,30704,101666048,0
1000,0.001,1,0.001,0.1,11926,528613225,0
1000,0.001,8,0.001,0.1,78038,311410736,0
1000,0.001,16,0.001,0.1,9627,38401440,0
1000,0.001,32,0.001,0.1,40857,152561504,0
1000,0.001,64,0.001,0.1,35563,119152256,0
1000,0.001,128,0.001,0.1,120932,409312640,0
1000,0.001,1,0.001,0.05,11075,491041989,0
1000,0.001,8,0.001,0.05,167882,651930328,0
1000,0.001,16,0.001,0.05,56204,219715344,0
1000,0.001,32,0.001,0.05,91919,341241056,0
1000,0.001,64,0.001,0.05,13570,44805120,0
1000,0.001,128,0.001,0.05,91056,291807744,0
1000,0.001,1,0.001,0.01,1167,51378673,0
1000,0.001,8,0.001,0.01,90459,359926064,0
1000,0.001,16,0.001,0.01,23508,97891696,0
1000,0.001,32,0.001,0.01,176098,665170688,0
1000,0.001,64,0.001,0.01,41442,139291584,0
1000,0.001,128,0.001,0.01,18148,58279168,0
10000,0.4,1,0.2,0.1,94,4432028,1
10000,0.4,8,0.2,0.1,1173,4464680,1
10000,0.4,16,0.2,0.1,1258,4800000,1
10000,0.4,32,0.2,0.1,1507,5111168,1
10000,0.4,64,0.2,0.1,1819,5087744,1
10000,0.4,128,0.2,0.1,2126,5114624,1
10000,0.4,1,0.2,0.05,103,4800000,1
10000,0.4,8,0.2,0.05,1099,4707416,1
10000,0.4,16,0.2,0.05,1226,4861312,1
10000,0.4,32,0.2,0.05,1501,5120000,1
10000,0.4,64,0.2,0.05,1812,5027456,1
10000,0.4,128,0.2,0.05,2101,5119616,1
10000,0.4,1,0.2,0.01,113,5314670,1
10000,0.4,8,0.2,0.01,1008,3920352,1
10000,0.4,16,0.2,0.01,1362,5440000,1
10000,0.4,32,0.2,0.01,1582,5401312,1
10000,0.4,64,0.2,0.01,1911,5638592,1
10000,0.4,128,0.2,0.01,2476,6400000,1
10000,0.4,1,0.1,0.1,110,4568318,1
10000,0.4,8,0.1,0.1,1077,4601840,1
10000,0.4,16,0.1,0.1,1136,4799632,1
10000,0.4,32,0.1,0.1,1385,5117696,1
10000,0.4,64,0.1,0.1,1669,4783232,1
10000,0.4,128,0.1,0.1,2060,5092736,1
10000,0.4,1,0.1,0.05,100,4712444,1
10000,0.4,8,0.1,0.05,836,4842776,1
10000,0.4,16,0.1,0.05,1003,4802560,1
10000,0.4,32,0.1,0.05,1429,5022848,1
10000,0.4,64,0.1,0.05,1782,5028992,1
10000,0.4,128,0.1,0.05,2035,5119616,1
10000,0.4,1,0.1,0.01,115,5318360,1
10000,0.4,8,0.1,0.01,1334,5440000,1
10000,0.4,16,0.1,0.01,1294,5437920,1
10000,0.4,32,0.1,0.01,1498,5439584,1
10000,0.4,64,0.1,0.01,1985,5763456,1
10000,0.4,128,0.1,0.01,2322,5940736,1
10000,0.4,1,0.01,0.1,98,4584428,1
10000,0.4,8,0.01,0.1,816,4635680,1
10000,0.4,16,0.01,0.1,1214,4637344,1
10000,0.4,32,0.01,0.1,1523,5087360,1
10000,0.4,64,0.01,0.1,1763,5119232,1
10000,0.4,128,0.01,0.1,2060,5082752,1
10000,0.4,1,0.01,0.05,102,4776256,1
10000,0.4,8,0.01,0.05,670,3885856,1
10000,0.4,16,0.01,0.05,1145,4859776,1
10000,0.4,32,0.01,0.05,1465,5053184,1
10000,0.4,64,0.01,0.05,1713,4964864,1
10000,0.4,128,0.01,0.05,2062,5119616,1
10000,0.4,1,0.01,0.01,118,5114180,1
10000,0.4,8,0.01,0.01,1189,5065184,1
10000,0.4,16,0.01,0.01,1216,5435424,1
10000,0.4,32,0.01,0.01,1478,5402560,1
10000,0.4,64,0.01,0.01,1955,5467456,1
10000,0.4,128,0.01,0.01,2522,6177280,1
10000,0.4,1,0.001,0.1,108,4566194,1
10000,0.4,8,0.001,0.1,1222,4632440,1
10000,0.4,16,0.001,0.1,1199,4694384,1
10000,0.4,32,0.001,0.1,1451,5080064,1
10000,0.4,64,0.001,0.1,1847,5102720,1
10000,0.4,128,0.001,0.1,2142,5110016,1
10000,0.4,1,0.001,0.05,103,4798516,1
10000,0.4,8,0.001,0.05,929,4867216,1
10000,0.4,16,0.001,0.05,1079,4803712,1
10000,0.4,32,0.001,0.05,1369,5086592,1
10000,0.4,64,0.001,0.05,1763,4884224,1
10000,0.4,128,0.001,0.05,2147,5115392,1
10000,0.4,1,0.001,0.01,114,4994050,1
10000,0.4,8,0.001,0.01,1112,4705344,1
10000,0.4,16,0.001,0.01,1402,5404640,1
10000,0.4,32,0.001,0.01,1676,5167104,1
10000,0.4,64,0.001,0.01,2220,5760000,1
10000,0.4,128,0.001,0.01,2807,6368256,1
10000,0.2,1,0.2,0.1,429,19457976,1
10000,0.2,8,0.2,0.1,5165,19510824,1
10000,0.2,16,0.2,0.1,5471,19547568,1
10000,0.2,32,0.2,0.1,6023,20225824,1
10000,0.2,64,0.2,0.1,7146,20426240,1
10000,0.2,128,0.2,0.1,7840,20132864,1
10000,0.2,1,0.2,0.05,419,19015698,1
10000,0.2,8,0.2,0.05,4643,17834160,1
10000,0.2,16,0.2,0.05,4240,15799168,1
10000,0.2,32,0.2,0.05,5058,17121472,1
10000,0.2,64,0.2,0.05,7147,20505600,1
10000,0.2,128,0.2,0.05,8047,20726656,1
10000,0.2,1,0.2,0.01,490,22263976,1
10000,0.2,8,0.2,0.01,6116,23275264,1
10000,0.2,16,0.2,0.01,5819,21739952,1
10000,0.2,32,0.2,0.01,6796,22671872,1
10000,0.2,64,0.2,0.01,7925,22877568,1
10000,0.2,128,0.2,0.01,9254,24204928,1
10000,0.2,1,0.1,0.1,427,19252568,1
10000,0.2,8,0.1,0.1,4381,15519480,1
10000,0.2,16,0.1,0.1,4736,16785840,1
10000,0.2,32,0.1,0.1,5674,18595840,1
10000,0.2,64,0.1,0.1,6088,17332736,1
10000,0.2,128,0.1,0.1,8019,20483072,1
10000,0.2,1,0.1,0.05,449,20085064,1
10000,0.2,8,0.1,0.05,5365,19325664,1
10000,0.2,16,0.1,0.05,5555,20466992,1
10000,0.2,32,0.1,0.05,6188,20758144,1
10000,0.2,64,0.1,0.05,7007,20660800,1
10000,0.2,128,0.1,0.05,7596,19808128,1
10000,0.2,1,0.1,0.01,481,21794476,1
10000,0.2,8,0.1,0.01,5726,22261888,1
10000,0.2,16,0.1,0.01,6134,22400784,1
10000,0.2,32,0.1,0.01,6592,22510912,1
10000,0.2,64,0.1,0.01,6174,18322560,1
10000,0.2,128,0.1,0.01,9026,24353280,1
10000,0.2,1,0.01,0.1,425,19169912,1
10000,0.2,8,0.01,0.1,5181,18689992,1
10000,0.2,16,0.01,0.1,5265,19522272,1
10000,0.2,32,0.01,0.1,5675,19501248,1
10000,0.2,64,0.01,0.1,7003,20797952,1
10000,0.2,128,0.01,0.1,7719,20386304,1
10000,0.2,1,0.01,0.05,462,20523642,1
10000,0.2,8,0.01,0.05,4837,19438376,1
10000,0.2,16,0.01,0.05,4851,19969392,1
10000,0.2,32,0.01,0.05,5587,20724736,1
10000,0.2,64,0.01,0.05,6560,20860800,1
10000,0.2,128,0.01,0.05,7415,21325696,1
10000,0.2,1,0.01,0.01,339,15400180,1
10000,0.2,8,0.01,0.01,4985,21539392,1
10000,0.2,16,0.01,0.01,4752,19290080,1
10000,0.2,32,0.01,0.01,6123,22628416,1
10000,0.2,64,0.01,0.01,7284,22986560,1
10000,0.2,128,0.01,0.01,8334,23721472,1
10000,0.2,1,0.001,0.1,416,18901628,1
10000,0.2,8,0.001,0.1,2730,11279280,1
10000,0.2,16,0.001,0.1,4654,20198160,1
10000,0.2,32,0.001,0.1,5460,20664288,1
10000,0.2,64,0.001,0.1,6358,20456960,1
10000,0.2,128,0.001,0.1,7156,20601344,1
10000,0.2,1,0.001,0.05,454,20614196,1
10000,0.2,8,0.001,0.05,3994,16384344,1
10000,0.2,16,0.001,0.05,4459,18698304,1
10000,0.2,32,0.001,0.05,5529,20847808,1
10000,0.2,64,0.001,0.05,5942,19148800,1
10000,0.2,128,0.001,0.05,7285,21089408,1
10000,0.2,1,0.001,0.01,417,18906182,1
10000,0.2,8,0.001,0.01,5315,22231216,1
10000,0.2,16,0.001,0.01,5429,22447008,1
10000,0.2,32,0.001,0.01,6031,22082368,1
10000,0.2,64,0.001,0.01,6940,22656384,1
10000,0.2,128,0.001,0.01,5904,16755968,1
10000,0.1,1,0.2,0.1,1460,65273680,0
10000,0.1,8,0.2,0.1,14106,58881120,0
10000,0.1,16,0.2,0.1,15992,67009344,0
10000,0.1,32,0.2,0.1,20910,80827712,0
10000,0.1,64,0.2,0.1,24195,81803264,0
10000,0.1,128,0.2,0.1,22413,69920768,0
10000,0.1,1,0.2,0.05,1700,75890648,0
10000,0.1,8,0.2,0.05,15412,63898720,0
10000,0.1,16,0.2,0.05,18154,74073088,0
10000,0.1,32,0.2,0.05,19906,75087200,1
10000,0.1,64,0.2,0.05,17289,57235200,1
10000,0.1,128,0.2,0.05,25770,81702400,0
10000,0.1,1,0.2,0.01,1803,80714000,0
10000,0.1,8,0.2,0.01,20403,83687424,0
10000,0.1,16,0.2,0.01,21807,89892352,0
10000,0.1,32,0.2,0.01,24131,92159104,0
10000,0.1,64,0.2,0.01,27411,92562816,0
10000,0.1,128,0.2,0.01,29576,94044160,0
10000,0.1,1,0.1,0.1,1914,85595790,1
10000,0.1,8,0.1,0.1,22652,92253472,1
10000,0.1,16,0.1,0.1,14748,55963392,1
10000,0.1,32,0.1,0.1,21061,74614944,1
10000,0.1,64,0.1,0.1,24201,75466240,1
10000,0.1,128,0.1,0.1,40967,121881088,1
10000,0.1,1,0.1,0.05,1556,69522408,1
10000,0.1,8,0.1,0.05,8337,31423016,1
10000,0.1,16,0.1,0.05,22371,85000832,1
10000,0.1,32,0.1,0.05,24606,88334112,1
10000,0.1,64,0.1,0.05,24259,76876288,1
10000,0.1,128,0.1,0.05,29824,88534016,1
10000,0.1,1,0.1,0.01,2319,103496389,1
10000,0.1,8,0.1,0.01,19315,71681728,1
10000,0.1,16,0.1,0.01,18969,71196672,1
10000,0.1,32,0.1,0.01,23801,84828672,1
10000,0.1,64,0.1,0.01,26510,89475136,1
10000,0.1,128,0.1,0.01,20006,62138880,1
10000,0.1,1,0.01,0.1,1659,73938534,1
10000,0.1,8,0.01,0.1,25022,102538016,1
10000,0.1,16,0.01,0.1,11758,48013936,1
10000,0.1,32,0.01,0.1,16927,64288640,1
10000,0.1,64,0.01,0.1,16055,53099392,1
10000,0.1,128,0.01,0.1,24451,76649472,1
10000,0.1,1,0.01,0.05,1850,82780421,1
10000,0.1,8,0.01,0.05,40279,167700928,1
10000,0.1,16,0.01,0.05,20406,83694656,1
10000,0.1,32,0.01,0.05,26622,101562720,1
10000,0.1,64,0.01,0.05,23358,78449920,1
10000,0.1,128,0.01,0.05,28052,88989696,1
10000,0.1,1,0.01,0.01,4264,190825149,1
10000,0.1,8,0.01,0.01,20026,82514720,1
10000,0.1,16,0.01,0.01,20242,82866784,1
10000,0.1,32,0.01,0.01,12039,44687424,1
10000,0.1,64,0.01,0.01,26117,88976000,1
10000,0.1,128,0.01,0.01,38182,125034496,1
10000,0.1,1,0.001,0.1,2571,115035744,1
10000,0.1,8,0.001,0.1,13195,54431040,1
10000,0.1,16,0.001,0.1,20276,85035472,1
10000,0.1,32,0.001,0.1,22089,86389536,1
10000,0.1,64,0.001,0.1,22803,77753152,1
10000,0.1,128,0.001,0.1,17570,55113728,1
10000,0.1,1,0.001,0.05,1945,86995837,1
10000,0.1,8,0.001,0.05,19717,82041168,1
10000,0.1,16,0.001,0.05,15941,66414160,1
10000,0.1,32,0.001,0.05,21022,82069920,1
10000,0.1,64,0.001,0.05,23706,81362176,1
10000,0.1,128,0.001,0.05,17188,53632000,1
10000,0.1,1,0.001,0.01,2171,97134974,1
10000,0.1,8,0.001,0.01,22749,95896864,1
10000,0.1,16,0.001,0.01,21564,86503152,1
10000,0.1,32,0.001,0.01,24863,94694080,1
10000,0.1,64,0.001,0.01,27564,92537728,1
10000,0.1,128,0.001,0.01,35729,113310720,1
10000,0.01,1,0.2,0.1,1814,80211264,0
10000,0.01,8,0.2,0.1,19331,80271984,0
10000,0.01,16,0.2,0.1,19648,80579040,0
10000,0.01,32,0.2,0.1,21443,81267776,0
10000,0.01,64,0.2,0.1,24321,81876992,0
10000,0.01,128,0.2,0.1,25997,81901568,0
10000,0.01,1,0.2,0.05,1889,83666482,0
10000,0.01,8,0.2,0.05,20508,83862760,0
10000,0.01,16,0.2,0.05,20206,84128160,0
10000,0.01,32,0.2,0.05,21959,84441792,0
10000,0.01,64,0.2,0.05,25282,85100800,0
10000,0.01,128,0.2,0.05,26938,85728000,0
10000,0.01,1,0.2,0.01,2080,92029072,0
10000,0.01,8,0.2,0.01,22436,92226048,0
10000,0.01,16,0.2,0.01,23267,92313024,0
10000,0.01,32,0.2,0.01,24950,92480000,0
10000,0.01,64,0.2,0.01,28439,92779072,0
10000,0.01,128,0.2,0.01,30901,94712960,0
10000,0.01,1,0.1,0.1,4274,189235158,0
10000,0.01,8,0.1,0.1,57930,235598464,0
10000,0.01,16,0.1,0.1,70689,291291472,0
10000,0.01,32,0.1,0.1,63822,250092544,0
10000,0.01,64,0.1,0.1,86661,299954112,0
10000,0.01,128,0.1,0.1,82364,271762432,0
10000,0.01,1,0.1,0.05,5940,262982492,0
10000,0.01,8,0.1,0.05,62671,261527136,0
10000,0.01,16,0.1,0.05,58547,247078064,0
10000,0.01,32,0.1,0.05,80594,314101664,0
10000,0.01,64,0.1,0.05,88967,303325184,0
10000,0.01,128,0.1,0.05,89739,292149760,0
10000,0.01,1,0.1,0.01,7534,333632834,0
10000,0.01,8,0.1,0.01,81310,340490656,0
10000,0.01,16,0.1,0.01,78987,334815600,0
10000,0.01,32,0.1,0.01,86236,342575552,0
10000,0.01,64,0.1,0.01,89269,309235200,0
10000,0.01,128,0.1,0.01,100853,336480640,0
10000,0.01,1,0.01,0.1,6972,307884336,0
10000,0.01,8,0.01,0.1,158086,646347768,0
10000,0.01,16,0.01,0.1,147306,603895968,0
10000,0.01,32,0.01,0.1,160993,614405696,0
10000,0.01,64,0.01,0.1,138161,469561024,0
10000,0.01,128,0.01,0.1,238784,784566528,0
10000,0.01,1,0.01,0.05,10822,479418883,0
10000,0.01,8,0.01,0.05,85354,351750240,0
10000,0.01,16,0.01,0.05,91287,380751824,0
10000,0.01,32,0.01,0.05,116045,455914400,0
10000,0.01,64,0.01,0.05,278172,969384960,0
10000,0.01,128,0.01,0.05,284577,934670336,0
10000,0.01,1,0.01,0.01,19034,841596035,0
10000,0.01,8,0.01,0.01,157469,638183512,0
10000,0.01,16,0.01,0.01,240010,970532368,0
10000,0.01,32,0.01,0.01,162684,618434656,0
10000,0.01,64,0.01,0.01,235981,799183552,0
10000,0.01,128,0.01,0.01,210137,691956480,0
10000,0.01,1,0.001,0.1,48267,2134545199,0
10000,0.01,8,0.001,0.1,96782,396326504,0
10000,0.01,16,0.001,0.1,201098,817364416,0
10000,0.01,32,0.001,0.1,403319,1543141920,0
10000,0.01,64,0.001,0.1,393536,1373414720,0
10000,0.01,128,0.001,0.1,166232,554789888,0
10000,0.01,1,0.001,0.05,28940,1282546050,0
10000,0.01,8,0.001,0.05,131102,535491712,0
10000,0.01,16,0.001,0.05,402345,1656435536,0
10000,0.01,32,0.001,0.05,183759,714860160,0
10000,0.01,64,0.001,0.05,134148,465997888,0
10000,0.01,128,0.001,0.05,394509,1330398592,0
10000,0.01,1,0.001,0.01,17855,791591933,0
10000,0.01,8,0.001,0.01,139350,568972144,0
10000,0.01,16,0.001,0.01,204041,841755520,0
10000,0.01,32,0.001,0.01,163415,622707424,0
10000,0.01,64,0.001,0.01,503316,1581819520,0
10000,0.01,128,0.001,0.01,586778,1756256640,0
10000,0.001,1,0.2,0.1,1823,80205172,0
10000,0.001,8,0.2,0.1,19527,80204928,0
10000,0.001,16,0.2,0.1,20227,80597328,0
10000,0.001,32,0.2,0.1,21374,81273888,0
10000,0.001,64,0.2,0.1,24357,81901568,0
10000,0.001,128,0.2,0.1,26444,81913856,0
10000,0.001,1,0.2,0.05,1872,82750930,0
10000,0.001,8,0.2,0.05,20979,83862760,0
10000,0.001,16,0.2,0.05,20604,84089952,0
10000,0.001,32,0.2,0.05,22279,84244384,0
10000,0.001,64,0.2,0.05,25490,85094400,0
10000,0.001,128,0.2,0.05,27411,85740800,0
10000,0.001,1,0.2,0.01,2098,92008144,0
10000,0.001,8,0.2,0.01,22847,92205120,0
10000,0.001,16,0.2,0.01,22677,92313024,0
10000,0.001,32,0.2,0.01,24094,92438144,0
10000,0.001,64,0.2,0.01,27615,92800000,0
10000,0.001,128,0.2,0.01,30273,94558080,0
10000,0.001,1,0.1,0.1,5930,262840648,0
10000,0.001,8,0.1,0.1,47640,189201680,0
10000,0.001,16,0.1,0.1,69040,280239520,0
10000,0.001,32,0.1,0.1,74612,286158848,0
10000,0.001,64,0.1,0.1,82396,282412736,0
10000,0.001,128,0.1,0.1,75142,240471552,0
10000,0.001,1,0.1,0.05,6822,301085652,0
10000,0.001,8,0.1,0.05,67292,280000840,0
10000,0.001,16,0.1,0.05,78638,321173280,0
10000,0.001,32,0.1,0.05,84142,323112000,0
10000,0.001,64,0.1,0.05,72476,247878656,0
10000,0.001,128,0.1,0.05,96678,318150400,0
10000,0.001,1,0.1,0.01,7877,347666150,0
10000,0.001,8,0.1,0.01,74397,308669232,0
10000,0.001,16,0.1,0.01,83848,347289312,0
10000,0.001,32,0.1,0.01,87165,341091264,0
10000,0.001,64,0.1,0.01,91794,318683904,0
10000,0.001,128,0.1,0.01,103770,342789248,0
10000,0.001,1,0.01,0.1,13779,608920750,0
10000,0.001,8,0.01,0.1,109713,458636104,0
10000,0.001,16,0.01,0.1,73174,310200592,0
10000,0.001,32,0.01,0.1,148558,595192608,0
10000,0.001,64,0.01,0.1,277405,984584128,0
10000,0.001,128,0.01,0.1,177125,602304768,0
10000,0.001,1,0.01,0.05,13825,611969781,0
10000,0.001,8,0.01,0.05,201668,853837520,0
10000,0.001,16,0.01,0.05,111834,473215504,0
10000,0.001,32,0.01,0.05,158690,629119232,0
10000,0.001,64,0.01,0.05,316922,1081027712,0
10000,0.001,128,0.01,0.05,199467,655821824,0
10000,0.001,1,0.01,0.01,25188,1113375642,0
10000,0.001,8,0.01,0.01,210394,855753920,0
10000,0.001,16,0.01,0.01,138842,564243328,0
10000,0.001,32,0.01,0.01,187049,715136896,0
10000,0.001,64,0.01,0.01,256379,857507008,0
10000,0.001,128,0.01,0.01,132041,417264384,0
10000,0.001,1,0.001,0.1,18782,831770573,0
10000,0.001,8,0.001,0.1,231763,925711208,0
10000,0.001,16,0.001,0.1,322974,1291645200,0
10000,0.001,32,0.001,0.1,121393,457850592,0
10000,0.001,64,0.001,0.1,302137,1020882048,0
10000,0.001,128,0.001,0.1,304167,1023396992,0
10000,0.001,1,0.001,0.05,8542,377967340,0
10000,0.001,8,0.001,0.05,299136,1262778200,0
10000,0.001,16,0.001,0.05,125357,518359408,0
10000,0.001,32,0.001,0.05,153971,597904992,0
10000,0.001,64,0.001,0.05,119943,413672192,0
10000,0.001,128,0.001,0.05,453350,1497829504,0
10000,0.001,1,0.001,0.01,10526,465448619,0
10000,0.001,8,0.001,0.01,117945,491070832,0
10000,0.001,16,0.001,0.01,424613,1759089792,0
10000,0.001,32,0.001,0.01,338489,1320912768,0
10000,0.001,64,0.001,0.01,141627,483769792,0
10000,0.001,128,0.001,0.01,348350,1160002944,0
100000,0.4,1,0.2,0.1,1041,48709680,1
100000,0.4,8,0.2,0.1,12868,52706048,1
100000,0.4,16,0.2,0.1,13356,52718528,1
100000,0.4,32,0.2,0.1,15996,54399584,1
100000,0.4,64,0.2,0.1,19279,53610112,1
100000,0.4,128,0.2,0.1,25368,63215104,1
100000,0.4,1,0.2,0.05,1104,51727880,1
100000,0.4,8,0.2,0.05,13691,55967600,1
100000,0.4,16,0.2,0.05,13925,55884224,1
100000,0.4,32,0.2,0.05,12175,41385984,1
100000,0.4,64,0.2,0.05,19893,56915904,1
100000,0.4,128,0.2,0.05,25355,63999488,1
100000,0.4,1,0.2,0.01,1290,60598605,1
100000,0.4,8,0.2,0.01,14410,61581592,1
100000,0.4,16,0.2,0.01,14948,58596960,1
100000,0.4,32,0.2,0.01,17901,62961280,1
100000,0.4,64,0.2,0.01,23773,70016512,1
100000,0.4,128,0.2,0.01,29217,76524032,1
100000,0.4,1,0.1,0.1,1136,53200000,1
100000,0.4,8,0.1,0.1,12489,52748064,1
100000,0.4,16,0.1,0.1,13273,53745216,1
100000,0.4,32,0.1,0.1,10767,36317728,1
100000,0.4,64,0.1,0.1,19810,57595072,1
100000,0.4,128,0.1,0.1,25526,63995392,1
100000,0.4,1,0.1,0.05,1130,52787768,1
100000,0.4,8,0.1,0.05,13709,54905744,1
100000,0.4,16,0.1,0.05,14420,55892864,1
100000,0.4,32,0.1,0.05,15001,49899328,1
100000,0.4,64,0.1,0.05,20554,57599552,1
100000,0.4,128,0.1,0.05,25806,63997440,1
100000,0.4,1,0.1,0.01,1293,60600000,1
100000,0.4,8,0.1,0.01,14805,61577344,1
100000,0.4,16,0.1,0.01,14750,58629600,1
100000,0.4,32,0.1,0.01,18056,63999040,1
100000,0.4,64,0.1,0.01,23971,70385664,1
100000,0.4,128,0.1,0.01,29810,76800000,1
100000,0.4,1,0.01,0.1,1157,53187290,1
100000,0.4,8,0.01,0.1,13101,54033920,1
100000,0.4,16,0.01,0.1,13684,54296000,1
100000,0.4,32,0.01,0.1,15101,51851584,1
100000,0.4,64,0.01,0.1,18979,53570240,1
100000,0.4,128,0.01,0.1,24962,62666240,1
100000,0.4,1,0.01,0.05,1131,52943258,1
100000,0.4,8,0.01,0.05,13379,55994816,1
100000,0.4,16,0.01,0.05,14005,55999136,1
100000,0.4,32,0.01,0.05,16386,57533248,1
100000,0.4,64,0.01,0.05,20108,57587008,1
100000,0.4,128,0.01,0.05,25286,63751168,1
100000,0.4,1,0.01,0.01,1291,60513975,1
100000,0.4,8,0.01,0.01,14619,61373912,1
100000,0.4,16,0.01,0.01,15609,61702080,1
100000,0.4,32,0.01,0.01,18400,63940960,1
100000,0.4,64,0.01,0.01,24597,70400000,1
100000,0.4,128,0.01,0.01,30123,76799488,1
100000,0.4,1,0.001,0.1,1135,53197130,1
100000,0.4,8,0.001,0.1,13816,54400000,1
100000,0.4,16,0.001,0.1,13277,50658912,1
100000,0.4,32,0.001,0.1,16037,54285600,1
100000,0.4,64,0.001,0.1,20302,57485312,1
100000,0.4,128,0.001,0.1,25643,63723520,1
100000,0.4,1,0.001,0.05,1180,55310966,1
100000,0.4,8,0.001,0.05,13422,54904016,1
100000,0.4,16,0.001,0.05,13895,54244784,1
100000,0.4,32,0.001,0.05,16526,57463360,1
100000,0.4,64,0.001,0.05,21056,57600000,1
100000,0.4,128,0.001,0.05,25829,63228416,1
100000,0.4,1,0.001,0.01,1286,60444690,1
100000,0.4,8,0.001,0.01,14008,56410832,1
100000,0.4,16,0.001,0.01,15569,62399040,1
100000,0.4,32,0.001,0.01,18006,63961120,1
100000,0.4,64,0.001,0.01,23762,70390272,1
100000,0.4,128,0.001,0.01,29269,76529152,1
100000,0.2,1,0.2,0.1,4869,220974845,1
100000,0.2,8,0.2,0.1,50945,211328176,1
100000,0.2,16,0.2,0.1,54775,223729296,1
100000,0.2,32,0.2,0.1,57485,214072384,1
100000,0.2,64,0.2,0.1,64797,204193152,1
100000,0.2,128,0.2,0.1,83367,240918784,1
100000,0.2,1,0.2,0.05,5052,228784758,1
100000,0.2,8,0.2,0.05,55081,228265080,1
100000,0.2,16,0.2,0.05,57042,233708960,1
100000,0.2,32,0.2,0.05,62884,236605824,1
100000,0.2,64,0.2,0.05,39418,119036928,1
100000,0.2,128,0.2,0.05,82070,238091008,1
100000,0.2,1,0.2,0.01,5285,240358796,1
100000,0.2,8,0.2,0.01,59515,248010880,1
100000,0.2,16,0.2,0.01,60176,246341760,1
100000,0.2,32,0.2,0.01,67532,255112960,1
100000,0.2,64,0.2,0.01,80329,260456960,1
100000,0.2,128,0.2,0.01,90945,268170240,1
100000,0.2,1,0.1,0.1,4839,219663821,1
100000,0.2,8,0.1,0.1,50169,203741968,1
100000,0.2,16,0.1,0.1,57407,225203280,1
100000,0.2,32,0.1,0.1,62568,226785792,1
100000,0.2,64,0.1,0.1,27649,77193792,1
100000,0.2,128,0.1,0.1,77495,213560320,1
100000,0.2,1,0.1,0.05,5095,230672551,1
100000,0.2,8,0.1,0.05,43013,171300120,1
100000,0.2,16,0.1,0.05,60760,220343936,1
100000,0.2,32,0.1,0.05,66685,234302144,1
100000,0.2,64,0.1,0.05,75263,236827264,1
100000,0.2,128,0.1,0.05,84499,238141184,1
100000,0.2,1,0.1,0.01,5569,252658440,1
100000,0.2,8,0.1,0.01,58040,235216000,1
100000,0.2,16,0.1,0.01,64265,250056960,1
100000,0.2,32,0.1,0.01,67482,245532160,1
100000,0.2,64,0.1,0.01,82577,257916800,1
100000,0.2,128,0.1,0.01,94795,268640640,1
100000,0.2,1,0.01,0.1,4957,224463376,1
100000,0.2,8,0.01,0.1,55545,223986288,1
100000,0.2,16,0.01,0.1,48958,192380352,1
100000,0.2,32,0.01,0.1,58059,210170560,1
100000,0.2,64,0.01,0.1,73461,226123328,1
100000,0.2,128,0.01,0.1,84717,242925440,1
100000,0.2,1,0.01,0.05,4856,220668909,1
100000,0.2,8,0.01,0.05,56839,229191512,1
100000,0.2,16,0.01,0.05,55599,213113840,1
100000,0.2,32,0.01,0.05,66293,233253632,1
100000,0.2,64,0.01,0.05,76186,236628352,1
100000,0.2,128,0.01,0.05,80374,224401920,1
100000,0.2,1,0.01,0.01,5548,252104600,1
100000,0.2,8,0.01,0.01,63990,252682976,1
100000,0.2,16,0.01,0.01,64188,253395840,1
100000,0.2,32,0.01,0.01,70637,255574144,1
100000,0.2,64,0.01,0.01,83658,262356224,1
100000,0.2,128,0.01,0.01,90432,267156480,1
100000,0.2,1,0.001,0.1,4963,224750525,1
100000,0.2,8,0.001,0.1,54814,226434624,1
100000,0.2,16,0.001,0.1,50498,199368736,1
100000,0.2,32,0.001,0.1,53047,190891264,1
100000,0.2,64,0.001,0.1,73044,226460160,1
100000,0.2,128,0.001,0.1,86186,242079616,1
100000,0.2,1,0.001,0.05,5689,258191236,1
100000,0.2,8,0.001,0.05,57675,233243344,1
100000,0.2,16,0.001,0.05,59426,234851648,1
100000,0.2,32,0.001,0.05,60039,214724352,1
100000,0.2,64,0.001,0.05,77652,232653312,1
100000,0.2,128,0.001,0.05,90829,243291392,1
100000,0.2,1,0.001,0.01,5552,252079288,1
100000,0.2,8,0.001,0.01,64710,253588032,1
100000,0.2,16,0.001,0.01,53227,198875520,1
100000,0.2,32,0.001,0.01,71606,249137920,1
100000,0.2,64,0.001,0.01,87744,262675520,1
100000,0.2,128,0.001,0.01,98325,268692480,1
100000,0.1,1,0.2,0.1,19074,851277152,0
100000,0.1,8,0.2,0.1,168378,642585664,0
100000,0.1,16,0.2,0.1,213041,810139968,0
100000,0.1,32,0.2,0.1,227922,812793344,0
100000,0.1,64,0.2,0.1,288485,921854144,0
100000,0.1,128,0.2,0.1,294210,922384000,0
100000,0.1,1,0.2,0.05,14703,657392002,0
100000,0.1,8,0.2,0.05,187435,771652560,0
100000,0.1,16,0.2,0.05,219010,892414208,0
100000,0.1,32,0.2,0.05,227388,866792192,0
100000,0.1,64,0.2,0.05,286329,961365760,0
100000,0.1,128,0.2,0.05,291544,919531904,0
100000,0.1,1,0.2,0.01,21697,969283895,0
100000,0.1,8,0.2,0.01,226768,934079784,0
100000,0.1,16,0.2,0.01,249714,1041088320,0
100000,0.1,32,0.2,0.01,264439,1037248768,0
100000,0.1,64,0.2,0.01,301423,1034107904,0
100000,0.1,128,0.2,0.01,328983,974024704,1
100000,0.1,1,0.1,0.1,16245,726257279,1
100000,0.1,8,0.1,0.1,129992,462359160,1
100000,0.1,16,0.1,0.1,161483,602548160,1
100000,0.1,32,0.1,0.1,255946,891559872,1
100000,0.1,64,0.1,0.1,290250,898796160,1
100000,0.1,128,0.1,0.1,413813,1204983552,1
100000,0.1,1,0.1,0.05,21435,957544258,1
100000,0.1,8,0.1,0.05,221463,898951248,1
100000,0.1,16,0.1,0.05,192314,784751856,1
100000,0.1,32,0.1,0.05,217078,824745792,1
100000,0.1,64,0.1,0.05,127242,413056768,1
100000,0.1,128,0.1,0.05,219782,684748672,1
100000,0.1,1,0.1,0.01,25265,1131367292,1
100000,0.1,8,0.1,0.01,538722,2199514136,0
100000,0.1,16,0.1,0.01,187082,761043072,1
100000,0.1,32,0.1,0.01,179232,677845888,1
100000,0.1,64,0.1,0.01,291949,983306624,1
100000,0.1,128,0.1,0.01,264201,817407744,1
100000,0.1,1,0.01,0.1,16820,751735655,1
100000,0.1,8,0.01,0.1,191858,766483680,1
100000,0.1,16,0.01,0.1,260281,1049686528,1
100000,0.1,32,0.01,0.1,187600,712538752,1
100000,0.1,64,0.01,0.1,244399,797040320,1
100000,0.1,128,0.01,0.1,257814,710165504,1
100000,0.1,1,0.01,0.05,22788,1020955348,1
100000,0.1,8,0.01,0.05,266878,947957592,1
100000,0.1,16,0.01,0.05,277705,984878016,1
100000,0.1,32,0.01,0.05,278417,961854400,1
100000,0.1,64,0.01,0.05,295871,987076736,1
100000,0.1,128,0.01,0.05,262590,820885120,1
100000,0.1,1,0.01,0.01,26789,1198262666,1
100000,0.1,8,0.01,0.01,245304,1023531680,1
100000,0.1,16,0.01,0.01,248112,1023366720,1
100000,0.1,32,0.01,0.01,190641,730807552,1
100000,0.1,64,0.01,0.01,275028,938732480,1
100000,0.1,128,0.01,0.01,344922,1107405312,1
100000,0.1,1,0.001,0.1,18656,832387166,1
100000,0.1,8,0.001,0.1,206666,846342560,1
100000,0.1,16,0.001,0.1,238112,905560496,1
100000,0.1,32,0.001,0.1,287961,1032636416,1
100000,0.1,64,0.001,0.1,558017,1782186816,1
100000,0.1,128,0.001,0.1,312512,965035648,1
100000,0.1,1,0.001,0.05,22553,1007637252,1
100000,0.1,8,0.001,0.05,211652,851916120,1
100000,0.1,16,0.001,0.05,155425,616972160,1
100000,0.1,32,0.001,0.05,173210,642102144,1
100000,0.1,64,0.001,0.05,278006,918714880,1
100000,0.1,128,0.001,0.05,280250,866040448,1
100000,0.1,1,0.001,0.01,23497,1051225804,1
100000,0.1,8,0.001,0.01,271149,1020590096,1
100000,0.1,16,0.001,0.01,249732,897037056,1
100000,0.1,32,0.001,0.01,314212,1128567232,1
100000,0.1,64,0.001,0.01,256569,855350528,1
100000,0.1,128,0.001,0.01,317440,983540736,1
100000,0.01,1,0.2,0.1,20782,919209440,0
100000,0.01,8,0.2,0.1,236124,921416384,0
100000,0.01,16,0.2,0.1,235913,921288576,0
100000,0.01,32,0.2,0.1,242008,923586176,0
100000,0.01,64,0.2,0.1,273955,926639680,0
100000,0.01,128,0.2,0.1,299656,946798720,0
100000,0.01,1,0.2,0.05,21612,954176404,0
100000,0.01,8,0.2,0.05,234000,956128656,0
100000,0.01,16,0.2,0.05,232180,957885392,0
100000,0.01,32,0.2,0.05,255618,961798048,0
100000,0.01,64,0.2,0.05,285401,962839552,0
100000,0.01,128,0.2,0.05,303448,972354944,0
100000,0.01,1,0.2,0.01,23500,1038303475,0
100000,0.01,8,0.2,0.01,247655,1039709032,0
100000,0.01,16,0.2,0.01,264083,1041537024,0
100000,0.01,32,0.2,0.01,280695,1043026816,0
100000,0.01,64,0.2,0.01,316521,1049544896,0
100000,0.01,128,0.2,0.01,335133,1062400000,0
100000,0.01,1,0.1,0.1,56681,2504859673,0
100000,0.01,8,0.1,0.1,613597,2559320552,0
100000,0.01,16,0.1,0.1,648548,2615611760,0
100000,0.01,32,0.1,0.1,780801,2947326528,0
100000,0.01,64,0.1,0.1,945558,3229910016,0
100000,0.01,128,0.1,0.1,937754,3070993152,0
100000,0.01,1,0.1,0.05,70841,3138314376,0
100000,0.01,8,0.1,0.05,673351,2746300200,0
100000,0.01,16,0.1,0.05,606454,2393932960,0
100000,0.01,32,0.1,0.05,643656,2454905696,0
100000,0.01,64,0.1,0.05,889294,3026466880,0
100000,0.01,128,0.1,0.05,1004180,3366263680,0
100000,0.01,1,0.1,0.01,80974,3592354282,0
100000,0.01,8,0.1,0.01,789771,3305561816,0
100000,0.01,16,0.1,0.01,807712,3250784640,0
100000,0.01,32,0.1,0.01,913368,3446092672,0
100000,0.01,64,0.1,0.01,1196959,4115944448,0
100000,0.01,128,0.1,0.01,1246575,4078126848,0
100000,0.01,1,0.01,0.1,84170,3724968885,0
100000,0.01,8,0.01,0.1,1347646,5340430896,0
100000,0.01,16,0.01,0.1,960370,3990028624,0
100000,0.01,32,0.01,0.1,1142574,4351404960,0
100000,0.01,64,0.01,0.1,1969850,6492797184,0
100000,0.01,128,0.01,0.1,1932399,5793207424,0
100000,0.01,1,0.01,0.05,80145,3550256315,0
100000,0.01,8,0.01,0.05,786077,3056770576,0
100000,0.01,16,0.01,0.05,734927,2993428112,0
100000,0.01,32,0.01,0.05,924937,3547982240,0
100000,0.01,64,0.01,0.05,1246720,4262273408,0
100000,0.01,128,0.01,0.05,1543784,5113495936,0
100000,0.01,1,0.01,0.01,123274,5463924960,0
100000,0.01,8,0.01,0.01,1787676,7493141528,0
100000,0.01,16,0.01,0.01,1348178,5630480320,0
100000,0.01,32,0.01,0.01,1341523,5134932672,0
100000,0.01,64,0.01,0.01,1795344,5745447552,0
100000,0.01,128,0.01,0.01,3751526,11938516224,0
100000,0.01,1,0.001,0.1,149831,6640541053,0
100000,0.01,8,0.001,0.1,1148004,4720083424,0
100000,0.01,16,0.001,0.1,1229232,5074901104,0
100000,0.01,32,0.001,0.1,1158089,4430934272,0
100000,0.01,64,0.001,0.1,836734,2782185344,0
100000,0.01,128,0.001,0.1,1587370,5061171840,0
100000,0.01,1,0.001,0.05,158932,6977173010,0
100000,0.01,8,0.001,0.05,575749,2469890472,0
100000,0.01,16,0.001,0.05,1296059,5438071792,0
100000,0.01,32,0.001,0.05,1282066,5040762656,0
100000,0.01,64,0.001,0.05,1657429,5746617856,0
100000,0.01,128,0.001,0.05,2040940,6693094656,0
100000,0.01,1,0.001,0.01,142717,6328211006,0
100000,0.01,8,0.001,0.01,1836119,7546455584,0
100000,0.01,16,0.001,0.01,988536,4133180016,0
100000,0.01,32,0.001,0.01,2694301,10356333600,0
100000,0.01,64,0.001,0.01,2030256,6855288064,0
100000,0.01,128,0.001,0.01,2856784,9313876608,0
100000,0.001,1,0.2,0.1,20810,919746592,0
100000,0.001,8,0.2,0.1,231293,920049088,0
100000,0.001,16,0.2,0.1,232699,922704704,0
100000,0.001,32,0.2,0.1,248542,922609536,0
100000,0.001,64,0.2,0.1,279457,926932672,0
100000,0.001,128,0.2,0.1,297646,945299200,0
100000,0.001,1,0.2,0.05,21558,952438324,0
100000,0.001,8,0.2,0.05,230638,957194112,0
100000,0.001,16,0.2,0.05,230617,953580080,0
100000,0.001,32,0.2,0.05,250328,962698784,0
100000,0.001,64,0.2,0.05,303657,963933952,0
100000,0.001,128,0.2,0.05,328685,970217216,0
100000,0.001,1,0.2,0.01,23555,1037926147,0
100000,0.001,8,0.2,0.01,268611,1039638256,0
100000,0.001,16,0.2,0.01,272905,1041458304,0
100000,0.001,32,0.2,0.01,289015,1042995328,0
100000,0.001,64,0.2,0.01,321508,1049600000,0
100000,0.001,128,0.2,0.01,329430,1062400000,0
100000,0.001,1,0.1,0.1,57748,2554706686,0
100000,0.001,8,0.1,0.1,651485,2672361808,0
100000,0.001,16,0.1,0.1,748211,2978406240,0
100000,0.001,32,0.1,0.1,708926,2643467008,0
100000,0.001,64,0.1,0.1,798360,2668155008,0
100000,0.001,128,0.1,0.1,954359,3082456064,0
100000,0.001,1,0.1,0.05,68004,3007125102,0
100000,0.001,8,0.1,0.05,808912,3291908088,0
100000,0.001,16,0.1,0.05,763287,3163965632,0
100000,0.001,32,0.1,0.05,826767,3151971808,0
100000,0.001,64,0.1,0.05,844543,2724931264,0
100000,0.001,128,0.1,0.05,1076648,3230984832,0
100000,0.001,1,0.1,0.01,72069,3190469659,0
100000,0.001,8,0.1,0.01,916185,3390668184,0
100000,0.001,16,0.1,0.01,906209,3729430656,0
100000,0.001,32,0.1,0.01,986895,3852592576,0
100000,0.001,64,0.1,0.01,1171080,4067816384,0
100000,0.001,128,0.1,0.01,1411647,4232084224,0
100000,0.001,1,0.01,0.1,56269,2484217338,0
100000,0.001,8,0.01,0.1,1068071,4192443320,0
100000,0.001,16,0.01,0.1,1138335,4475752560,0
100000,0.001,32,0.01,0.1,1278387,4834086208,0
100000,0.001,64,0.01,0.1,1426906,4871606976,0
100000,0.001,128,0.01,0.1,1706317,5551434624,0
100000,0.001,1,0.01,0.05,107324,4756645359,0
100000,0.001,8,0.01,0.05,770230,3136482288,0
100000,0.001,16,0.01,0.05,1451485,6015174288,0
100000,0.001,32,0.01,0.05,537943,2066713504,0
100000,0.001,64,0.01,0.05,1031201,3480753408,0
100000,0.001,128,0.01,0.05,1161178,3717456640,0
100000,0.001,1,0.01,0.01,125785,5566331484,0
100000,0.001,8,0.01,0.01,1599975,6105006728,0
100000,0.001,16,0.01,0.01,1535476,5712994160,0
100000,0.001,32,0.01,0.01,2189242,8255175936,0
100000,0.001,64,0.01,0.01,2190965,7581464832,0
100000,0.001,128,0.01,0.01,1740832,5589973888,0
100000,0.001,1,0.001,0.1,97383,4311968884,0
100000,0.001,8,0.001,0.1,1134109,4574881160,0
100000,0.001,16,0.001,0.1,1224381,5123564512,0
100000,0.001,32,0.001,0.1,852133,3377215680,0
100000,0.001,64,0.001,0.1,1189910,3973103552,0
100000,0.001,128,0.001,0.1,1795275,5881751680,0
100000,0.001,1,0.001,0.05,128454,5689125348,0
100000,0.001,8,0.001,0.05,1043809,4330403616,0
100000,0.001,16,0.001,0.05,1190518,4891970944,0
100000,0.001,32,0.001,0.05,852727,3015228672,0
100000,0.001,64,0.001,0.05,1387189,4460176128,0
100000,0.001,128,0.001,0.05,1505049,4969406336,0
100000,0.001,1,0.001,0.01,123274,5454939507,0
100000,0.001,8,0.001,0.01,1292346,5118610816,0
100000,0.001,16,0.001,0.01,1499924,6177435216,0
100000,0.001,32,0.001,0.01,2915068,11372941056,0
100000,0.001,64,0.001,0.01,1174410,4089632640,0
100000,0.001,128,0.001,0.01,4317258,13481066368,0
